adduser	3.134	all	passwd	
apt	2.6.1	amd64	adduser, gpgv | gpgv2 | gpgv1, libapt-pkg6.0 (>= 2.6.1), debian-archive-keyring, libc6 (>= 2.34), libgcc-s1 (>= 3.0), libgnutls30 (>= 3.7.5), libseccomp2 (>= 2.4.2), libstdc++6 (>= 11), libsystemd0	
autoconf	2.71-3	all	perl (>> 5.005), m4 (>= 1.4.13), debianutils (>= 1.8)	
automake	1:1.16.5-1.3	all	autoconf, autotools-dev	
autotools-dev	20220109.1	all		
base-files	12.4+deb12u8	amd64		awk
base-passwd	3.6.1	amd64	libc6 (>= 2.34), libdebconfclient0 (>= 0.145), libselinux1 (>= 3.1~)	
bash	5.2.15-2+b7	amd64	base-files (>= 2.1.12), debianutils (>= 5.6-0.1)	libc6 (>= 2.36), libtinfo6 (>= 6)
binutils	2.40-2	amd64	binutils-common (= 2.40-2), libbinutils (= 2.40-2), binutils-x86-64-linux-gnu (= 2.40-2)	
binutils-common:amd64	2.40-2	amd64		
binutils-x86-64-linux-gnu	2.40-2	amd64	binutils-common (= 2.40-2), libbinutils (= 2.40-2), libc6 (>= 2.36), libctf-nobfd0 (>= 2.36), libctf0 (>= 2.36), libgcc-s1 (>= 4.2), libgprofng0 (>= 2.40-2), libjansson4 (>= 2.14), libstdc++6 (>= 5), libzstd1 (>= 1.5.2), zlib1g (>= 1:1.1.4)	
bsdutils	1:2.38.1-5+deb12u2	amd64		libc6 (>= 2.34), libsystemd0
build-essential	12.9	amd64	libc6-dev | libc-dev, gcc (>= 4:10.2), g++ (>= 4:10.2), make, dpkg-dev (>= 1.17.11)	
bzip2	1.0.8-5+b1	amd64	libbz2-1.0 (= 1.0.8-5+b1), libc6 (>= 2.34)	
ca-certificates	20230311+deb12u1	all	openssl (>= 1.1.1), debconf (>= 0.5) | debconf-2.0	
comerr-dev:amd64	2.1-1.47.0-2	amd64	libc6-dev | libc-dev, libcom-err2 (= 1.47.0-2)	
coreutils	9.1-1	amd64		libacl1 (>= 2.2.23), libattr1 (>= 1:2.4.44), libc6 (>= 2.34), libgmp10 (>= 2:6.2.1+dfsg1), libselinux1 (>= 3.1~)
cpp	4:12.2.0-3	amd64	cpp-12 (>= 12.2.0-1~)	
cpp-12	12.2.0-14	amd64	gcc-12-base (= 12.2.0-14), libc6 (>= 2.36), libgmp10 (>= 2:6.2.1+dfsg1), libisl23 (>= 0.15), libmpc3 (>= 1.1.0), libmpfr6 (>= 3.1.3), libzstd1 (>= 1.5.2), zlib1g (>= 1:1.1.4)	
curl	7.88.1-10+deb12u15	amd64	libc6 (>= 2.34), libcurl4 (= 7.88.1-10+deb12u15), zlib1g (>= 1:1.1.4)	
dash	0.5.12-2	amd64	debianutils (>= 5.6-0.1), dpkg (>= 1.19.1)	libc6 (>= 2.34)
debconf	1.5.82	all		
debian-archive-keyring	2023.3+deb12u1	all		
debianutils	5.7-0.5~deb12u1	amd64		libc6 (>= 2.34)
default-libmysqlclient-dev:amd64	1.1.0	amd64	libmariadb-dev-compat	
diffutils	1:3.8-4	amd64		libc6 (>= 2.34)
dirmngr	2.2.40-1.1	amd64	adduser, gpgconf (= 2.2.40-1.1), lsb-base (>= 3.2-13), init-system-helpers (>= 1.52), libassuan0 (>= 2.5.0), libc6 (>= 2.34), libgcrypt20 (>= 1.10.0), libgnutls30 (>= 3.7.5), libgpg-error0 (>= 1.42), libksba8 (>= 1.3.5), libldap-2.5-0 (>= 2.5.4), libnpth0 (>= 0.90)	
dpkg	1.21.22	amd64	tar (>= 1.28-1)	libbz2-1.0, libc6 (>= 2.34), liblzma5 (>= 5.4.0), libmd0 (>= 0.0.0), libselinux1 (>= 3.1~), libzstd1 (>= 1.5.2), zlib1g (>= 1:1.1.4)
dpkg-dev	1.21.22	all	perl:any, libdpkg-perl (= 1.21.22), tar (>= 1.28-1), bzip2, xz-utils (>= 5.4.0), patch (>= 2.7), make, binutils	
e2fsprogs	1.47.0-2	amd64	logsave	libblkid1 (>= 2.36), libc6 (>= 2.34), libcom-err2 (>= 1.43.9), libext2fs2 (= 1.47.0-2), libss2 (>= 1.38), libuuid1 (>= 2.16)
file	1:5.44-3	amd64	libc6 (>= 2.34), libmagic1 (= 1:5.44-3)	
findutils	4.9.0-4	amd64		libc6 (>= 2.34), libselinux1 (>= 3.1~)
fontconfig	2.14.1-4	amd64	libc6 (>= 2.34), libfontconfig1 (>= 2.13.0), libfreetype6 (>= 2.2.1), fontconfig-config	
fontconfig-config	2.14.1-4	amd64	debconf (>= 0.5) | debconf-2.0, fonts-dejavu-core | ttf-bitstream-vera | fonts-liberation | fonts-liberation2 | fonts-croscore | fonts-freefont-otf | fonts-freefont-ttf | fonts-urw-base35 | fonts-texgyre	
fonts-dejavu-core	2.37-6	all		
g++	4:12.2.0-3	amd64	cpp (= 4:12.2.0-3), gcc (= 4:12.2.0-3), g++-12 (>= 12.2.0-1~), gcc-12 (>= 12.2.0-1~)	
g++-12	12.2.0-14	amd64	gcc-12-base (= 12.2.0-14), gcc-12 (= 12.2.0-14), libstdc++-12-dev (= 12.2.0-14), libc6 (>= 2.36), libgmp10 (>= 2:6.2.1+dfsg1), libisl23 (>= 0.15), libmpc3 (>= 1.1.0), libmpfr6 (>= 3.1.3), libzstd1 (>= 1.5.2), zlib1g (>= 1:1.1.4)	
gcc	4:12.2.0-3	amd64	cpp (= 4:12.2.0-3), gcc-12 (>= 12.2.0-1~)	
gcc-12	12.2.0-14	amd64	cpp-12 (= 12.2.0-14), gcc-12-base (= 12.2.0-14), libcc1-0 (>= 12.2.0-14), binutils (>= 2.39.90.20230104), libgcc-12-dev (= 12.2.0-14), libc6 (>= 2.36), libgcc-s1 (>= 3.0), libgmp10 (>= 2:6.2.1+dfsg1), libisl23 (>= 0.15), libmpc3 (>= 1.1.0), libmpfr6 (>= 3.1.3), libstdc++6 (>= 5), libzstd1 (>= 1.5.2), zlib1g (>= 1:1.1.4)	
gcc-12-base:amd64	12.2.0-14	amd64		
gir1.2-freedesktop:amd64	1.74.0-3	amd64	gir1.2-glib-2.0 (= 1.74.0-3)	
gir1.2-gdkpixbuf-2.0:amd64	2.42.10+dfsg-1+deb12u1	amd64	gir1.2-glib-2.0 (>= 0.9.3), libgdk-pixbuf-2.0-0 (>= 2.39.2)	
gir1.2-glib-2.0:amd64	1.74.0-3	amd64	libgirepository-1.0-1 (>= 1.72.0), libglib2.0-0 (>= 2.74.0)	
gir1.2-rsvg-2.0:amd64	2.54.7+dfsg-1~deb12u1	amd64	gir1.2-freedesktop (>= 0.10.8), gir1.2-gdkpixbuf-2.0 (>= 2.23.5-2), gir1.2-glib-2.0 (>= 0.10.8), librsvg2-2 (>= 2.52.5)	
git	1:2.39.5-0+deb12u1	amd64	libc6 (>= 2.34), libcurl3-gnutls (>= 7.56.1), libexpat1 (>= 2.0.1), libpcre2-8-0 (>= 10.34), zlib1g (>= 1:1.2.2), perl, liberror-perl, git-man (>> 1:2.39.5), git-man (<< 1:2.39.5-.)	
git-man	1:2.39.5-0+deb12u1	all		
gnupg	2.2.40-1.1	all	dirmngr (<< 2.2.40-1.1.1~), dirmngr (>= 2.2.40-1.1), gnupg-l10n (= 2.2.40-1.1), gnupg-utils (<< 2.2.40-1.1.1~), gnupg-utils (>= 2.2.40-1.1), gpg (<< 2.2.40-1.1.1~), gpg (>= 2.2.40-1.1), gpg-agent (<< 2.2.40-1.1.1~), gpg-agent (>= 2.2.40-1.1), gpg-wks-client (<< 2.2.40-1.1.1~), gpg-wks-client (>= 2.2.40-1.1), gpg-wks-server (<< 2.2.40-1.1.1~), gpg-wks-server (>= 2.2.40-1.1), gpgsm (<< 2.2.40-1.1.1~), gpgsm (>= 2.2.40-1.1), gpgv (<< 2.2.40-1.1.1~), gpgv (>= 2.2.40-1.1)	
gnupg-l10n	2.2.40-1.1	all		
gnupg-utils	2.2.40-1.1	amd64	libassuan0 (>= 2.5.0), libbz2-1.0, libc6 (>= 2.34), libgcrypt20 (>= 1.10.0), libgpg-error0 (>= 1.42), libksba8 (>= 1.3.5), libreadline8 (>= 6.0), zlib1g (>= 1:1.1.4)	
gpg	2.2.40-1.1	amd64	gpgconf (= 2.2.40-1.1), libassuan0 (>= 2.5.0), libbz2-1.0, libc6 (>= 2.34), libgcrypt20 (>= 1.10.0), libgpg-error0 (>= 1.42), libreadline8 (>= 6.0), libsqlite3-0 (>= 3.7.15), zlib1g (>= 1:1.1.4)	
gpg-agent	2.2.40-1.1	amd64	gpgconf (= 2.2.40-1.1), pinentry-curses | pinentry, init-system-helpers (>= 1.52), libassuan0 (>= 2.5.1), libc6 (>= 2.34), libgcrypt20 (>= 1.10.0), libgpg-error0 (>= 1.42), libnpth0 (>= 0.90)	
gpg-wks-client	2.2.40-1.1	amd64	dirmngr (= 2.2.40-1.1), gpg (= 2.2.40-1.1), gpg-agent (= 2.2.40-1.1), libassuan0 (>= 2.5.0), libc6 (>= 2.34), libgcrypt20 (>= 1.10.0), libgpg-error0 (>= 1.42)	
gpg-wks-server	2.2.40-1.1	amd64	gpg (= 2.2.40-1.1), gpg-agent (= 2.2.40-1.1), libc6 (>= 2.34), libgcrypt20 (>= 1.10.0), libgpg-error0 (>= 1.42)	
gpgconf	2.2.40-1.1	amd64	libassuan0 (>= 2.5.0), libc6 (>= 2.34), libgcrypt20 (>= 1.10.0), libgpg-error0 (>= 1.42), libreadline8 (>= 6.0)	
gpgsm	2.2.40-1.1	amd64	gpgconf (= 2.2.40-1.1), libassuan0 (>= 2.5.0), libc6 (>= 2.34), libgcrypt20 (>= 1.10.0), libgpg-error0 (>= 1.42), libksba8 (>= 1.6.0), libreadline8 (>= 6.0)	
gpgv	2.2.40-1.1	amd64	libbz2-1.0, libc6 (>= 2.34), libgcrypt20 (>= 1.10.0), libgpg-error0 (>= 1.42), zlib1g (>= 1:1.1.4)	
grep	3.8-5	amd64	dpkg (>= 1.15.4) | install-info	libc6 (>= 2.34), libpcre2-8-0 (>= 10.32)
gzip	1.12-1	amd64	dpkg (>= 1.15.4) | install-info	libc6 (>= 2.33)
hicolor-icon-theme	0.17-2	all		
hostname	3.23+nmu1	amd64		libc6 (>= 2.34)
icu-devtools	72.1-3	amd64	libc6 (>= 2.34), libgcc-s1 (>= 3.0), libicu72 (>= 72.1~rc-1~), libstdc++6 (>= 11)	
imagemagick	8:6.9.11.60+dfsg-1.6+deb12u2	amd64	imagemagick-6.q16 (>= 8:6.9.2.10+dfsg-2~)	
imagemagick-6-common	8:6.9.11.60+dfsg-1.6+deb12u2	all		
imagemagick-6.q16	8:6.9.11.60+dfsg-1.6+deb12u2	amd64	libc6 (>= 2.34), libmagickcore-6.q16-6 (>= 8:6.9.10.2), libmagickwand-6.q16-6 (>= 8:6.9.10.2), hicolor-icon-theme	
init-system-helpers	1.65.2	all	usrmerge | usr-is-merged	
krb5-multidev:amd64	1.20.1-2+deb12u2	amd64	libkrb5-3 (= 1.20.1-2+deb12u2), libk5crypto3 (= 1.20.1-2+deb12u2), libgssapi-krb5-2 (= 1.20.1-2+deb12u2), libgssrpc4 (= 1.20.1-2+deb12u2), libkadm5srv-mit12 (= 1.20.1-2+deb12u2), libkadm5clnt-mit12 (= 1.20.1-2+deb12u2), comerr-dev	
libacl1:amd64	2.3.1-3	amd64	libc6 (>= 2.33)	
libaom3:amd64	3.6.0-1+deb12u1	amd64	libc6 (>= 2.34)	
libapr1:amd64	1.7.2-3+deb12u1	amd64	libc6 (>= 2.34), libuuid1 (>= 2.16)	
libaprutil1:amd64	1.6.3-1	amd64	libapr1 (>= 1.6.2), libc6 (>= 2.25), libcrypt1 (>= 1:4.1.0), libdb5.3, libexpat1 (>= 2.0.1), libgdbm6 (>= 1.16), libssl3 (>= 3.0.0)	
libapt-pkg6.0:amd64	2.6.1	amd64	libbz2-1.0, libc6 (>= 2.34), libgcc-s1 (>= 3.0), libgcrypt20 (>= 1.10.0), liblz4-1 (>= 0.0~r127), liblzma5 (>= 5.1.1alpha+20120614), libstdc++6 (>= 11), libsystemd0 (>= 221), libudev1 (>= 183), libxxhash0 (>= 0.7.1), libzstd1 (>= 1.5.2), zlib1g (>= 1:1.2.2.3)	
libasan8:amd64	12.2.0-14	amd64	gcc-12-base (= 12.2.0-14), libc6 (>= 2.34), libgcc-s1 (>= 3.3)	
libassuan0:amd64	2.5.5-5	amd64	libc6 (>= 2.34), libgpg-error0 (>= 1.33)	
libatomic1:amd64	12.2.0-14	amd64	gcc-12-base (= 12.2.0-14), libc6 (>= 2.14)	
libattr1:amd64	1:2.5.1-4	amd64	libc6 (>= 2.4)	
libaudit-common	1:3.0.9-1	all		
libaudit1:amd64	1:3.0.9-1	amd64	libaudit-common (>= 1:3.0.9-1), libc6 (>= 2.33), libcap-ng0 (>= 0.7.9)	
libbinutils:amd64	2.40-2	amd64	libc6 (>= 2.34), libzstd1 (>= 1.5.2), zlib1g (>= 1:1.2.0), binutils-common (= 2.40-2)	
libblkid-dev:amd64	2.38.1-5+deb12u2	amd64	libblkid1 (= 2.38.1-5+deb12u2), libc6-dev | libc-dev, uuid-dev	
libblkid1:amd64	2.38.1-5+deb12u2	amd64	libc6 (>= 2.33)	
libbrotli-dev:amd64	1.0.9-2+b6	amd64	libbrotli1 (= 1.0.9-2+b6)	
libbrotli1:amd64	1.0.9-2+b6	amd64	libc6 (>= 2.29)	
libbsd0:amd64	0.11.7-2	amd64	libc6 (>= 2.34), libmd0 (>= 1.0.3-2)	
libbz2-1.0:amd64	1.0.8-5+b1	amd64	libc6 (>= 2.4)	
libbz2-dev:amd64	1.0.8-5+b1	amd64	libbz2-1.0 (= 1.0.8-5+b1), libc6-dev | libc-dev	
libc-bin	2.36-9+deb12u9	amd64	libc6 (>> 2.36), libc6 (<< 2.37)	
libc-dev-bin	2.36-9+deb12u9	amd64	libc6 (>> 2.36), libc6 (<< 2.37)	
libc6:amd64	2.36-9+deb12u9	amd64	libgcc-s1	
libc6-dev:amd64	2.36-9+deb12u9	amd64	libc6 (= 2.36-9+deb12u9), libc-dev-bin (= 2.36-9+deb12u9), linux-libc-dev, libcrypt-dev, libnsl-dev, rpcsvc-proto	
libcairo-gobject2:amd64	1.16.0-7	amd64	libcairo2 (= 1.16.0-7), libglib2.0-0 (>= 2.14.0)	
libcairo-script-interpreter2:amd64	1.16.0-7	amd64	libc6 (>= 2.29), libcairo2 (= 1.16.0-7), libfontconfig1 (>= 2.12.6), libfreetype6 (>= 2.2.1), liblzo2-2 (>= 2.02), zlib1g (>= 1:1.1.4)	
libcairo2:amd64	1.16.0-7	amd64	libc6 (>= 2.35), libfontconfig1 (>= 2.12.6), libfreetype6 (>= 2.9.1), libpixman-1-0 (>= 0.30.0), libpng16-16 (>= 1.6.2-1), libx11-6, libxcb-render0, libxcb-shm0, libxcb1 (>= 1.6), libxext6, libxrender1, zlib1g (>= 1:1.1.4)	
libcairo2-dev:amd64	1.16.0-7	amd64	libcairo-gobject2 (= 1.16.0-7), libcairo-script-interpreter2 (= 1.16.0-7), libcairo2 (= 1.16.0-7), libfontconfig-dev (>= 2.2.95), libfreetype-dev (>= 2.1.10), libglib2.0-dev, libpixman-1-dev (>= 0.22.0), libpng-dev, libsm-dev, libx11-dev, libxcb-render0-dev (>= 1.6), libxcb-shm0-dev, libxcb1-dev (>= 1.6), libxext-dev, libxrender-dev (>= 0.6)	
libcap-ng0:amd64	0.8.3-1+b3	amd64	libc6 (>= 2.33)	
libcap2:amd64	1:2.66-4	amd64	libc6 (>= 2.34)	
libcbor0.8:amd64	0.8.0-2+b1	amd64	libc6 (>= 2.14)	
libcc1-0:amd64	12.2.0-14	amd64	gcc-12-base (= 12.2.0-14), libc6 (>= 2.14), libgcc-s1 (>= 3.0), libstdc++6 (>= 5.2)	
libcom-err2:amd64	1.47.0-2	amd64	libc6 (>= 2.17)	
libcrypt-dev:amd64	1:4.4.33-2	amd64	libcrypt1 (= 1:4.4.33-2)	
libcrypt1:amd64	1:4.4.33-2	amd64	libc6 (>= 2.36)	
libctf-nobfd0:amd64	2.40-2	amd64	libc6 (>= 2.14), zlib1g (>= 1:1.2.0)	
libctf0:amd64	2.40-2	amd64	libbinutils (= 2.40-2), libc6 (>= 2.33), zlib1g (>= 1:1.2.0)	
libcurl3-gnutls:amd64	7.88.1-10+deb12u15	amd64	libbrotli1 (>= 0.6.0), libc6 (>= 2.34), libgnutls30 (>= 3.7.5), libgssapi-krb5-2 (>= 1.17), libidn2-0 (>= 0.6), libldap-2.5-0 (>= 2.5.4), libnettle8, libnghttp2-14 (>= 1.50.0), libpsl5 (>= 0.16.0), librtmp1 (>= 2.3), libssh2-1 (>= 1.7.0), libzstd1 (>= 1.5.2), zlib1g (>= 1:1.1.4)	
libcurl4:amd64	7.88.1-10+deb12u15	amd64	libbrotli1 (>= 0.6.0), libc6 (>= 2.34), libgssapi-krb5-2 (>= 1.17), libidn2-0 (>= 0.6), libldap-2.5-0 (>= 2.5.4), libnghttp2-14 (>= 1.50.0), libpsl5 (>= 0.16.0), librtmp1 (>= 2.3), libssh2-1 (>= 1.7.0), libssl3 (>= 3.0.0), libzstd1 (>= 1.5.2), zlib1g (>= 1:1.1.4)	
libcurl4-openssl-dev:amd64	7.88.1-10+deb12u15	amd64	libcurl4 (= 7.88.1-10+deb12u15)	
libdatrie1:amd64	0.2.13-2+b1	amd64	libc6 (>= 2.14)	
libdav1d6:amd64	1.0.0-2+deb12u1	amd64	libc6 (>= 2.34)	
libdb-dev:amd64	5.3.2	amd64	libdb5.3-dev	
libdb5.3:amd64	5.3.28+dfsg2-1	amd64	libc6 (>= 2.34)	
libdb5.3-dev	5.3.28+dfsg2-1	amd64	libdb5.3 (= 5.3.28+dfsg2-1)	
libde265-0:amd64	1.0.11-1+deb12u2	amd64	libc6 (>= 2.34), libgcc-s1 (>= 3.0), libstdc++6 (>= 11)	
libdebconfclient0:amd64	0.270	amd64	libc6 (>= 2.4)	
libdeflate-dev:amd64	1.14-1	amd64	libdeflate0 (= 1.14-1)	
libdeflate0:amd64	1.14-1	amd64	libc6 (>= 2.14)	
libdjvulibre-dev:amd64	3.5.28-2+b1	amd64	libdjvulibre21 (= 3.5.28-2+b1), libjpeg-dev	
libdjvulibre-text	3.5.28-2	all		
libdjvulibre21:amd64	3.5.28-2+b1	amd64	libc6 (>= 2.34), libgcc-s1 (>= 3.0), libjpeg62-turbo (>= 1.3.1), libstdc++6 (>= 5), libdjvulibre-text (>= 3.5.28-2)	
libdpkg-perl	1.21.22	all	perl:any, dpkg (>= 1.18.11)	
libedit2:amd64	3.1-20221030-2	amd64	libbsd0 (>= 0.1.3), libc6 (>= 2.33), libtinfo6 (>= 6)	
libelf1:amd64	0.188-2.1	amd64	libc6 (>= 2.34), zlib1g (>= 1:1.1.4)	
liberror-perl	0.17029-2	all	perl:any	
libevent-2.1-7:amd64	2.1.12-stable-8	amd64	libc6 (>= 2.36)	
libevent-core-2.1-7:amd64	2.1.12-stable-8	amd64	libc6 (>= 2.36)	
libevent-dev	2.1.12-stable-8	amd64	libevent-2.1-7 (= 2.1.12-stable-8), libevent-core-2.1-7 (= 2.1.12-stable-8), libevent-extra-2.1-7 (= 2.1.12-stable-8), libevent-pthreads-2.1-7 (= 2.1.12-stable-8), libevent-openssl-2.1-7 (= 2.1.12-stable-8)	
libevent-extra-2.1-7:amd64	2.1.12-stable-8	amd64	libc6 (>= 2.14), libevent-core-2.1-7 (= 2.1.12-stable-8)	
libevent-openssl-2.1-7:amd64	2.1.12-stable-8	amd64	libc6 (>= 2.4), libevent-core-2.1-7 (= 2.1.12-stable-8), libssl3 (>= 3.0.0)	
libevent-pthreads-2.1-7:amd64	2.1.12-stable-8	amd64	libc6 (>= 2.34), libevent-core-2.1-7 (= 2.1.12-stable-8)	
libexif-dev:amd64	0.6.24-1+b1	amd64	libc6-dev, libexif12 (= 0.6.24-1+b1)	
libexif12:amd64	0.6.24-1+b1	amd64	libc6 (>= 2.29)	
libexpat1:amd64	2.5.0-1+deb12u1	amd64	libc6 (>= 2.36)	
libexpat1-dev:amd64	2.5.0-1+deb12u1	amd64	libexpat1 (= 2.5.0-1+deb12u1), libc6-dev | libc-dev	
libext2fs2:amd64	1.47.0-2	amd64	libc6 (>= 2.34)	
libffi-dev:amd64	3.4.4-1	amd64	libffi8 (= 3.4.4-1)	
libffi8:amd64	3.4.4-1	amd64	libc6 (>= 2.34)	
libfftw3-double3:amd64	3.3.10-1	amd64	libc6 (>= 2.34), libgomp1 (>= 4.9)	
libfido2-1:amd64	1.12.0-2+b1	amd64	libc6 (>= 2.36), libcbor0.8 (>= 0.8.0), libssl3 (>= 3.0.0), libudev1 (>= 183), zlib1g (>= 1:1.1.4)	
libfontconfig-dev:amd64	2.14.1-4	amd64	libfontconfig1 (= 2.14.1-4), libexpat1-dev, libfreetype-dev (>= 2.8.1), uuid-dev, pkg-config	
libfontconfig1:amd64	2.14.1-4	amd64	libc6 (>= 2.33), libexpat1 (>= 2.0.1), libfreetype6 (>= 2.9.1), fontconfig-config (>= 2.14.1-4)	
libfreetype-dev:amd64	2.12.1+dfsg-5+deb12u3	amd64	libfreetype6 (= 2.12.1+dfsg-5+deb12u3), libbrotli-dev, libc6-dev | libc-dev, libpng-dev, zlib1g-dev | libz-dev	
libfreetype6:amd64	2.12.1+dfsg-5+deb12u3	amd64	libbrotli1 (>= 0.6.0), libc6 (>= 2.33), libpng16-16 (>= 1.6.2-1), zlib1g (>= 1:1.1.4)	
libfreetype6-dev:amd64	2.12.1+dfsg-5+deb12u3	amd64	libfreetype-dev (= 2.12.1+dfsg-5+deb12u3)	
libfribidi0:amd64	1.0.8-2.1	amd64	libc6 (>= 2.3.4)	
libgcc-12-dev:amd64	12.2.0-14	amd64	gcc-12-base (= 12.2.0-14), libgcc-s1 (>= 12.2.0-14), libgomp1 (>= 12.2.0-14), libitm1 (>= 12.2.0-14), libatomic1 (>= 12.2.0-14), libasan8 (>= 12.2.0-14), liblsan0 (>= 12.2.0-14), libtsan2 (>= 12.2.0-14), libubsan1 (>= 12.2.0-14), libquadmath0 (>= 12.2.0-14)	
libgcc-s1:amd64	12.2.0-14	amd64	gcc-12-base (= 12.2.0-14), libc6 (>= 2.35)	
libgcrypt20:amd64	1.10.1-3	amd64	libc6 (>= 2.34), libgpg-error0 (>= 1.27)	
libgdbm-compat4:amd64	1.23-3	amd64	libc6 (>= 2.33), libgdbm6 (>= 1.16)	
libgdbm-dev:amd64	1.23-3	amd64	libc6-dev | libc-dev, libgdbm6 (= 1.23-3)	
libgdbm6:amd64	1.23-3	amd64	libc6 (>= 2.34)	
libgdk-pixbuf-2.0-0:amd64	2.42.10+dfsg-1+deb12u1	amd64	libgdk-pixbuf2.0-common (>= 2.42.10+dfsg-1+deb12u1), shared-mime-info, libc6 (>= 2.34), libglib2.0-0 (>= 2.59.0), libjpeg62-turbo (>= 1.3.1), libpng16-16 (>= 1.6.2-1), libtiff6 (>= 4.0.3)	
libgdk-pixbuf-2.0-dev:amd64	2.42.10+dfsg-1+deb12u1	amd64	gir1.2-gdkpixbuf-2.0 (= 2.42.10+dfsg-1+deb12u1), libgdk-pixbuf-2.0-0 (= 2.42.10+dfsg-1+deb12u1), libgdk-pixbuf2.0-bin (= 2.42.10+dfsg-1+deb12u1), libglib2.0-dev (>= 2.56.0), libjpeg-dev, libpng-dev (<< 1.7), libpng-dev (>= 1.6), libtiff-dev, shared-mime-info	
libgdk-pixbuf2.0-bin	2.42.10+dfsg-1+deb12u1	amd64	libc6 (>= 2.34), libgdk-pixbuf-2.0-0 (>= 2.35.4), libglib2.0-0 (>= 2.56.0)	
libgdk-pixbuf2.0-common	2.42.10+dfsg-1+deb12u1	all		
libgirepository-1.0-1:amd64	1.74.0-3	amd64	libc6 (>= 2.29), libffi8 (>= 3.4), libglib2.0-0 (>= 2.74.0)	
libglib2.0-0:amd64	2.74.6-2+deb12u4	amd64	libc6 (>= 2.34), libffi8 (>= 3.4), libmount1 (>= 2.35.2-7~), libpcre2-8-0 (>= 10.22), libselinux1 (>= 3.1~), zlib1g (>= 1:1.2.2)	
libglib2.0-bin	2.74.6-2+deb12u4	amd64	libglib2.0-data, libc6 (>= 2.34), libelf1 (>= 0.142), libglib2.0-0 (= 2.74.6-2+deb12u4)	
libglib2.0-data	2.74.6-2+deb12u4	all		
libglib2.0-dev:amd64	2.74.6-2+deb12u4	amd64	libffi-dev (>= 3.3), libglib2.0-0 (= 2.74.6-2+deb12u4), libglib2.0-bin (= 2.74.6-2+deb12u4), libglib2.0-dev-bin (= 2.74.6-2+deb12u4), libmount-dev (>= 2.35.2-7~), libpcre2-dev, libselinux1-dev, pkg-config, zlib1g-dev	
libglib2.0-dev-bin	2.74.6-2+deb12u4	amd64	python3-distutils, python3:any, libc6 (>= 2.34), libglib2.0-0 (= 2.74.6-2+deb12u4)	
libgmp-dev:amd64	2:6.2.1+dfsg1-1.1	amd64	libgmp10 (= 2:6.2.1+dfsg1-1.1), libgmpxx4ldbl (= 2:6.2.1+dfsg1-1.1)	
libgmp10:amd64	2:6.2.1+dfsg1-1.1	amd64	libc6 (>= 2.14)	
libgmpxx4ldbl:amd64	2:6.2.1+dfsg1-1.1	amd64	libc6 (>= 2.4), libgcc-s1 (>= 3.0), libgmp10 (>= 2:6.2.1+dfsg1), libstdc++6 (>= 5.2)	
libgnutls30:amd64	3.7.9-2+deb12u3	amd64	libc6 (>= 2.34), libgmp10 (>= 2:6.2.1+dfsg1), libhogweed6 (>= 3.6), libidn2-0 (>= 2.0.0), libnettle8 (>= 3.7~), libp11-kit0 (>= 0.23.18.1), libtasn1-6 (>= 4.14), libunistring2 (>= 0.9.7)	
libgomp1:amd64	12.2.0-14	amd64	gcc-12-base (= 12.2.0-14), libc6 (>= 2.34)	
libgpg-error0:amd64	1.46-1	amd64	libc6 (>= 2.34)	
libgprofng0:amd64	2.40-2	amd64	libbinutils (= 2.40-2), libc6 (>= 2.34), libgcc-s1 (>= 3.3.1), libstdc++6 (>= 5.2), zlib1g (>= 1:1.1.4)	
libgraphite2-3:amd64	1.3.14-1	amd64	libc6 (>= 2.14)	
libgssapi-krb5-2:amd64	1.20.1-2+deb12u2	amd64	libc6 (>= 2.33), libcom-err2 (>= 1.43.9), libk5crypto3 (>= 1.20), libkrb5-3 (= 1.20.1-2+deb12u2), libkrb5support0 (>= 1.15~beta1)	
libgssrpc4:amd64	1.20.1-2+deb12u2	amd64	libc6 (>= 2.34), libgssapi-krb5-2 (>= 1.17)	
libharfbuzz0b:amd64	6.0.0+dfsg-3	amd64	libc6 (>= 2.34), libfreetype6 (>= 2.11.0), libglib2.0-0 (>= 2.31.8), libgraphite2-3 (>= 1.2.2)	
libheif1:amd64	1.15.1-1+deb12u1	amd64	libaom3 (>= 3.2.0), libc6 (>= 2.34), libdav1d6 (>= 0.1.0), libde265-0 (>= 1.0.7), libgcc-s1 (>= 3.0), libstdc++6 (>= 11), libx265-199 (>= 3.5), zlib1g (>= 1:1.1.4)	
libhogweed6:amd64	3.8.1-2	amd64	libc6 (>= 2.14), libgmp10 (>= 2:6.2.1+dfsg1), libnettle8	
libice-dev:amd64	2:1.0.10-1	amd64	libice6 (= 2:1.0.10-1), x11proto-dev	
libice6:amd64	2:1.0.10-1	amd64	libbsd0 (>= 0.2.0), libc6 (>= 2.14), x11-common	
libicu-dev:amd64	72.1-3	amd64	libicu72 (= 72.1-3), icu-devtools (>= 72.1-3), libc6-dev | libc-dev	
libicu72:amd64	72.1-3	amd64	libc6 (>= 2.34), libgcc-s1 (>= 3.0), libstdc++6 (>= 12)	
libidn2-0:amd64	2.3.3-1+b1	amd64	libc6 (>= 2.14), libunistring2 (>= 0.9.7)	
libimath-3-1-29:amd64	3.1.6-1	amd64	libc6 (>= 2.4), libstdc++6 (>= 4.2.1)	
libimath-dev:amd64	3.1.6-1	amd64	libimath-3-1-29 (= 3.1.6-1)	
libisl23:amd64	0.25-1.1	amd64	libc6 (>= 2.14), libgmp10 (>= 2:6.2.1+dfsg1)	
libitm1:amd64	12.2.0-14	amd64	gcc-12-base (= 12.2.0-14), libc6 (>= 2.34)	
libjansson4:amd64	2.14-2	amd64	libc6 (>= 2.14)	
libjbig-dev:amd64	2.1-6.1	amd64	libjbig0 (= 2.1-6.1)	
libjbig0:amd64	2.1-6.1	amd64	libc6 (>= 2.4)	
libjpeg-dev:amd64	1:2.1.5-2	amd64	libjpeg62-turbo-dev (>= 1:2.1.5-2)	
libjpeg62-turbo:amd64	1:2.1.5-2	amd64	libc6 (>= 2.14)	
libjpeg62-turbo-dev:amd64	1:2.1.5-2	amd64	libc-dev, libjpeg62-turbo (= 1:2.1.5-2)	
libk5crypto3:amd64	1.20.1-2+deb12u2	amd64	libc6 (>= 2.33), libkrb5support0 (>= 1.20)	
libkadm5clnt-mit12:amd64	1.20.1-2+deb12u2	amd64	libc6 (>= 2.25), libcom-err2 (>= 1.43.9), libgssapi-krb5-2 (>= 1.17), libgssrpc4 (>= 1.6.dfsg.2), libk5crypto3 (>= 1.6.dfsg.2), libkrb5-3 (>= 1.15~beta1), libkrb5support0 (>= 1.17)	
libkadm5srv-mit12:amd64	1.20.1-2+deb12u2	amd64	libc6 (>= 2.33), libcom-err2 (>= 1.43.9), libgssapi-krb5-2 (>= 1.6.dfsg.2), libgssrpc4 (>= 1.6.dfsg.2), libk5crypto3 (>= 1.6.dfsg.2), libkdb5-10 (>= 1.20.1), libkrb5-3 (>= 1.15~beta1), libkrb5support0 (>= 1.17)	
libkdb5-10:amd64	1.20.1-2+deb12u2	amd64	libc6 (>= 2.34), libcom-err2 (>= 1.43.9), libgssrpc4 (>= 1.7dfsg~alpha1), libk5crypto3 (>= 1.20), libkrb5-3 (>= 1.14+dfsg), libkrb5support0 (>= 1.15~beta1)	
libkeyutils1:amd64	1.6.3-2	amd64	libc6 (>= 2.14)	
libkrb5-3:amd64	1.20.1-2+deb12u2	amd64	libc6 (>= 2.34), libcom-err2 (>= 1.43.9), libk5crypto3 (>= 1.20), libkeyutils1 (>= 1.5.9), libkrb5support0 (= 1.20.1-2+deb12u2), libssl3 (>= 3.0.0)	
libkrb5-dev:amd64	1.20.1-2+deb12u2	amd64	krb5-multidev (= 1.20.1-2+deb12u2)	
libkrb5support0:amd64	1.20.1-2+deb12u2	amd64	libc6 (>= 2.34)	
libksba8:amd64	1.6.3-2	amd64	libc6 (>= 2.14), libgpg-error0 (>= 1.46)	
liblcms2-2:amd64	2.14-2	amd64	libc6 (>= 2.29)	
liblcms2-dev:amd64	2.14-2	amd64	liblcms2-2 (= 2.14-2)	
libldap-2.5-0:amd64	2.5.13+dfsg-5	amd64	libc6 (>= 2.34), libgnutls30 (>= 3.7.5), libsasl2-2 (>= 2.1.28+dfsg)	
liblerc-dev:amd64	4.0.0+ds-2	amd64	liblerc4 (= 4.0.0+ds-2)	
liblerc4:amd64	4.0.0+ds-2	amd64	libc6 (>= 2.29), libgcc-s1 (>= 3.0), libstdc++6 (>= 11)	
liblqr-1-0:amd64	0.4.2-2.1	amd64	libc6 (>= 2.2.5), libglib2.0-0 (>= 2.24.0)	
liblqr-1-0-dev:amd64	0.4.2-2.1	amd64	liblqr-1-0 (= 0.4.2-2.1)	
liblsan0:amd64	12.2.0-14	amd64	gcc-12-base (= 12.2.0-14), libc6 (>= 2.34), libgcc-s1 (>= 3.3)	
libltdl-dev:amd64	2.4.7-7~deb12u1	amd64	libltdl7 (= 2.4.7-7~deb12u1), automake-1.16	
libltdl7:amd64	2.4.7-7~deb12u1	amd64	libc6 (>= 2.34)	
liblz4-1:amd64	1.9.4-1	amd64	libc6 (>= 2.14)	
liblzma-dev:amd64	5.4.1-0.2	amd64	liblzma5 (= 5.4.1-0.2)	
liblzma5:amd64	5.4.1-0.2	amd64	libc6 (>= 2.34)	
liblzo2-2:amd64	2.10-2	amd64	libc6 (>= 2.14)	
libmagic-mgc	1:5.44-3	amd64		
libmagic1:amd64	1:5.44-3	amd64	libbz2-1.0, libc6 (>= 2.33), liblzma5 (>= 5.1.1alpha+20120614), zlib1g (>= 1:1.1.4), libmagic-mgc (= 1:5.44-3)	
libmagickcore-6-arch-config:amd64	8:6.9.11.60+dfsg-1.6+deb12u2	amd64	libmagickcore-6-headers (= 8:6.9.11.60+dfsg-1.6+deb12u2), imagemagick-6-common (>= 8:6.9.6.2+dfsg-3)	dpkg (>= 1.15.7.2)
libmagickcore-6-headers	8:6.9.11.60+dfsg-1.6+deb12u2	all	imagemagick-6-common (= 8:6.9.11.60+dfsg-1.6+deb12u2)	dpkg (>= 1.15.7.2)
libmagickcore-6.q16-6:amd64	8:6.9.11.60+dfsg-1.6+deb12u2	amd64	libbz2-1.0, libc6 (>= 2.35), libfftw3-double3 (>= 3.3.10), libfontconfig1 (>= 2.12.6), libfreetype6 (>= 2.2.1), libgcc-s1 (>= 3.3.1), libgomp1 (>= 6), libheif1 (>= 1.4.0), libjbig0 (>= 2.0), libjpeg62-turbo (>= 1.3.1), liblcms2-2 (>= 2.6), liblqr-1-0 (>= 0.4.0), libltdl7 (>= 2.4.7), liblzma5 (>= 5.1.1alpha+20120614), libopenjp2-7 (>= 2.0.0), libpng16-16 (>= 1.6.2-1), libtiff6 (>= 4.5.0~rc1), libwebp7 (>= 1.2.4), libwebpdemux2 (>= 1.2.4), libwebpmux3 (>= 1.2.4), libx11-6, libxext6, libxml2 (>= 2.7.4), zlib1g (>= 1:1.1.4), imagemagick-6-common (>= 8:6.9.6.2+dfsg-3)	dpkg (>= 1.17.6)
libmagickcore-6.q16-6-extra:amd64	8:6.9.11.60+dfsg-1.6+deb12u2	amd64	libc6 (>= 2.35), libcairo2 (>= 1.6.0), libdjvulibre21 (>= 3.5.28), libglib2.0-0 (>= 2.12.0), libmagickcore-6.q16-6 (>= 8:6.9.11.24), libmagickwand-6.q16-6 (>= 8:6.9.10.2), libopenexr-3-1-30 (>= 3.1.5), libpango-1.0-0 (>= 1.22.0), libpangocairo-1.0-0 (>= 1.14.0), libwmflite-0.2-7 (>= 0.2.12), libxml2 (>= 2.7.4)	
libmagickcore-6.q16-dev:amd64	8:6.9.11.60+dfsg-1.6+deb12u2	amd64	libmagickcore-6-arch-config (= 8:6.9.11.60+dfsg-1.6+deb12u2), libmagickcore-6.q16-6 (= 8:6.9.11.60+dfsg-1.6+deb12u2), libmagickcore-6.q16-6-extra (= 8:6.9.11.60+dfsg-1.6+deb12u2), libbz2-dev, libdjvulibre-dev, libexif-dev, libfreetype6-dev, libjpeg-dev, libopenjp2-7-dev, liblcms2-dev, liblqr-1-0-dev, libltdl-dev, libopenexr-dev, libpng-dev, librsvg2-dev, libtiff-dev, libwmf-dev, libx11-dev, libxext-dev, libxml2-dev, libxt-dev, zlib1g-dev, pkg-config	dpkg (>= 1.17.11)
libmagickcore-dev	8:6.9.11.60+dfsg-1.6+deb12u2	all	imagemagick-6-common (= 8:6.9.11.60+dfsg-1.6+deb12u2), libmagickcore-6.q16-dev	dpkg (>= 1.15.7.2)
libmagickwand-6-headers	8:6.9.11.60+dfsg-1.6+deb12u2	all	libmagickcore-6-headers (= 8:6.9.11.60+dfsg-1.6+deb12u2), imagemagick-6-common (= 8:6.9.11.60+dfsg-1.6+deb12u2)	dpkg (>= 1.15.7.2)
libmagickwand-6.q16-6:amd64	8:6.9.11.60+dfsg-1.6+deb12u2	amd64	libc6 (>= 2.14), libgcc-s1 (>= 3.3.1), libgomp1 (>= 4.9), libmagickcore-6.q16-6 (>= 8:6.9.11.24), libx11-6, imagemagick-6-common (>= 8:6.9.6.2+dfsg-3)	dpkg (>= 1.17.6)
libmagickwand-6.q16-dev:amd64	8:6.9.11.60+dfsg-1.6+deb12u2	amd64	libmagickwand-6-headers (= 8:6.9.11.60+dfsg-1.6+deb12u2), libmagickwand-6.q16-6 (= 8:6.9.11.60+dfsg-1.6+deb12u2), libmagickcore-6.q16-6-extra (= 8:6.9.11.60+dfsg-1.6+deb12u2), libmagickcore-6.q16-dev (= 8:6.9.11.60+dfsg-1.6+deb12u2), pkg-config	dpkg (>= 1.17.11)
libmagickwand-dev	8:6.9.11.60+dfsg-1.6+deb12u2	all	imagemagick-6-common (= 8:6.9.11.60+dfsg-1.6+deb12u2), libmagickwand-6.q16-dev	dpkg (>= 1.15.7.2)
libmariadb-dev	1:10.11.6-0+deb12u1	amd64	libmariadb3 (= 1:10.11.6-0+deb12u1), libssl-dev, zlib1g-dev, libc6 (>= 2.34)	
libmariadb-dev-compat	1:10.11.6-0+deb12u1	amd64	libmariadb-dev (= 1:10.11.6-0+deb12u1)	
libmariadb3:amd64	1:10.11.6-0+deb12u1	amd64	mariadb-common, libc6 (>= 2.34), libssl3 (>= 3.0.0), zlib1g (>= 1:1.1.4)	
libmaxminddb-dev:amd64	1.7.1-1	amd64	libmaxminddb0 (= 1.7.1-1)	
libmaxminddb0:amd64	1.7.1-1	amd64	libc6 (>= 2.33)	
libmd0:amd64	1.0.4-2	amd64	libc6 (>= 2.33)	
libmount-dev:amd64	2.38.1-5+deb12u2	amd64	libblkid-dev, libc6-dev | libc-dev, libmount1 (= 2.38.1-5+deb12u2), libselinux1-dev	
libmount1:amd64	2.38.1-5+deb12u2	amd64	libblkid1 (>= 2.17.2), libc6 (>= 2.34), libselinux1 (>= 3.1~)	
libmpc3:amd64	1.3.1-1	amd64	libc6 (>= 2.4), libgmp10 (>= 2:6.2.1+dfsg1), libmpfr6 (>= 4.0.0)	
libmpfr6:amd64	4.2.0-1	amd64	libc6 (>= 2.14), libgmp10 (>= 2:6.2.1+dfsg1)	
libncurses-dev:amd64	6.4-4	amd64	libtinfo6 (= 6.4-4), libncurses6 (= 6.4-4), libncursesw6 (= 6.4-4), libc6-dev | libc-dev, ncurses-bin (>= 6.0+20151017)	
libncurses5-dev:amd64	6.4-4	amd64	libtinfo6 (= 6.4-4), libncurses-dev (= 6.4-4)	
libncurses6:amd64	6.4-4	amd64	libtinfo6 (= 6.4-4), libc6 (>= 2.34)	
libncursesw5-dev:amd64	6.4-4	amd64	libtinfo6 (= 6.4-4), libncurses-dev (= 6.4-4)	
libncursesw6:amd64	6.4-4	amd64	libtinfo6 (= 6.4-4), libc6 (>= 2.34)	
libnettle8:amd64	3.8.1-2	amd64	libc6 (>= 2.17)	
libnghttp2-14:amd64	1.52.0-1+deb12u2	amd64	libc6 (>= 2.17)	
libnpth0:amd64	1.6-3	amd64	libc6 (>= 2.17)	
libnsl-dev:amd64	1.3.0-2	amd64	libnsl2 (= 1.3.0-2), libtirpc-dev	
libnsl2:amd64	1.3.0-2	amd64	libc6 (>= 2.14), libtirpc3 (>= 1.0.2)	
libnspr4:amd64	2:4.35-1	amd64	libc6 (>= 2.34)	
libnss3:amd64	2:3.87.1-1+deb12u3	amd64	libc6 (>= 2.34), libnspr4 (>= 2:4.34), libsqlite3-0 (>= 3.5.9)	
libnuma1:amd64	2.0.16-1	amd64	libc6 (>= 2.34)	
libopenexr-3-1-30:amd64	3.1.5-5	amd64	libc6 (>= 2.34), libgcc-s1 (>= 3.0), libimath-3-1-29 (>= 3.1.6), libstdc++6 (>= 11), zlib1g (>= 1:1.2.0)	
libopenexr-dev	3.1.5-5	amd64	libimath-dev (>= 3.1.2), libopenexr-3-1-30 (= 3.1.5-5), zlib1g-dev	
libopenjp2-7:amd64	2.5.0-2	amd64	libc6 (>= 2.34)	
libopenjp2-7-dev:amd64	2.5.0-2	amd64	libopenjp2-7 (= 2.5.0-2)	
libp11-kit0:amd64	0.24.1-2	amd64	libc6 (>= 2.34), libffi8 (>= 3.4)	
libpam-modules:amd64	1.5.2-6+deb12u1	amd64		libaudit1 (>= 1:2.2.1), libc6 (>= 2.34), libcrypt1 (>= 1:4.3.0), libdb5.3, libpam0g (>= 1.4.1), libselinux1 (>= 3.1~), debconf (>= 0.5) | debconf-2.0, libpam-modules-bin (= 1.5.2-6+deb12u1)
libpam-modules-bin	1.5.2-6+deb12u1	amd64	libaudit1 (>= 1:2.2.1), libc6 (>= 2.34), libcrypt1 (>= 1:4.3.0), libpam0g (>= 0.99.7.1), libselinux1 (>= 3.1~)	
libpam-runtime	1.5.2-6+deb12u1	all	debconf (>= 0.5) | debconf-2.0, debconf (>= 1.5.19) | cdebconf, libpam-modules (>= 1.0.1-6)	
libpam0g:amd64	1.5.2-6+deb12u1	amd64	libaudit1 (>= 1:2.2.1), libc6 (>= 2.34), debconf (>= 0.5) | debconf-2.0	
libpango-1.0-0:amd64	1.50.12+ds-1	amd64	fontconfig (>= 2.13.0), libc6 (>= 2.14), libfribidi0 (>= 1.0.6), libglib2.0-0 (>= 2.67.3), libharfbuzz0b (>= 5.1.0), libthai0 (>= 0.1.25)	
libpangocairo-1.0-0:amd64	1.50.12+ds-1	amd64	libc6 (>= 2.4), libcairo2 (>= 1.12.10), libfontconfig1 (>= 2.13.0), libglib2.0-0 (>= 2.62.0), libharfbuzz0b (>= 2.6.0), libpango-1.0-0 (= 1.50.12+ds-1), libpangoft2-1.0-0 (= 1.50.12+ds-1)	
libpangoft2-1.0-0:amd64	1.50.12+ds-1	amd64	libc6 (>= 2.14), libfontconfig1 (>= 2.13.0), libfreetype6 (>= 2.2.1), libglib2.0-0 (>= 2.67.3), libharfbuzz0b (>= 5.1.0), libpango-1.0-0 (= 1.50.12+ds-1)	
libpcre2-16-0:amd64	10.42-1	amd64	libc6 (>= 2.34)	
libpcre2-32-0:amd64	10.42-1	amd64	libc6 (>= 2.34)	
libpcre2-8-0:amd64	10.42-1	amd64	libc6 (>= 2.34)	
libpcre2-dev:amd64	10.42-1	amd64	libc-dev, libpcre2-8-0 (= 10.42-1), libpcre2-16-0 (= 10.42-1), libpcre2-32-0 (= 10.42-1), libpcre2-posix3 (= 10.42-1)	
libpcre2-posix3:amd64	10.42-1	amd64	libc6 (>= 2.4), libpcre2-8-0 (>= 10.22)	
libperl5.36:amd64	5.36.0-7+deb12u1	amd64	libbz2-1.0, libc6 (>= 2.35), libcrypt1 (>= 1:4.1.0), libdb5.3, libgdbm-compat4 (>= 1.18-3), libgdbm6 (>= 1.21), zlib1g (>= 1:1.2.2.3), perl-modules-5.36 (>= 5.36.0-7+deb12u1)	
libpixman-1-0:amd64	0.42.2-1	amd64	libc6 (>= 2.29)	
libpixman-1-dev:amd64	0.42.2-1	amd64	libpixman-1-0 (= 0.42.2-1)	
libpkgconf3:amd64	1.8.1-1	amd64	libc6 (>= 2.33)	
libpng-dev:amd64	1.6.39-2	amd64	libpng16-16 (= 1.6.39-2), zlib1g-dev	
libpng16-16:amd64	1.6.39-2	amd64	libc6 (>= 2.29), zlib1g (>= 1:1.2.11.dfsg)	
libpoppler126:amd64	22.12.0-2+deb12u2	amd64	libc6 (>= 2.35), libfontconfig1 (>= 2.12.6), libfreetype6 (>= 2.2.1), libjpeg62-turbo (>= 1.3.1), liblcms2-2 (>= 2.7), libnspr4 (>= 2:4.9-2~), libnss3 (>= 2:3.16), libopenjp2-7 (>= 2.0.0), libpng16-16 (>= 1.6.2-1), libstdc++6 (>= 11), libtiff6 (>= 4.0.3), zlib1g (>= 1:1.1.4)	
libpq-dev	15.10-0+deb12u1	amd64	libpq5 (= 15.10-0+deb12u1), libssl-dev	
libpq5:amd64	15.10-0+deb12u1	amd64	libc6 (>= 2.33), libgssapi-krb5-2 (>= 1.17), libldap-2.5-0 (>= 2.5.4), libssl3 (>= 3.0.0)	
libproc2-0:amd64	2:4.0.2-3	amd64	libc6 (>= 2.34), libsystemd0 (>= 209)	
libpsl5:amd64	0.21.2-1	amd64	libidn2-0 (>= 0.16), libc6 (>= 2.33), libunistring2 (>= 0.9.7)	
libpthread-stubs0-dev:amd64	0.4-1	amd64		
libpython3-stdlib:amd64	3.11.2-1+b1	amd64	libpython3.11-stdlib (>= 3.11.2-1~)	
libpython3.11-minimal:amd64	3.11.2-6+deb12u4	amd64	libc6 (>= 2.14), libssl3 (>= 3.0.0)	
libpython3.11-stdlib:amd64	3.11.2-6+deb12u4	amd64	libpython3.11-minimal (= 3.11.2-6+deb12u4), media-types | mime-support, libbz2-1.0, libc6 (>= 2.34), libcrypt1 (>= 1:4.1.0), libdb5.3, libffi8 (>= 3.4), liblzma5 (>= 5.1.1alpha+20120614), libncursesw6 (>= 6.1), libnsl2 (>= 1.0), libreadline8 (>= 7.0~beta), libsqlite3-0 (>= 3.36.0), libtinfo6 (>= 6), libtirpc3 (>= 1.0.2), libuuid1 (>= 2.20.1)	
libquadmath0:amd64	12.2.0-14	amd64	gcc-12-base (= 12.2.0-14), libc6 (>= 2.23)	
libreadline-dev:amd64	8.2-1.3	amd64	libreadline8 (= 8.2-1.3), libncurses-dev, dpkg (>= 1.15.4) | install-info	
libreadline8:amd64	8.2-1.3	amd64	readline-common, libc6 (>= 2.33), libtinfo6 (>= 6)	
librsvg2-2:amd64	2.54.7+dfsg-1~deb12u1	amd64	libc6 (>= 2.34), libcairo-gobject2 (>= 1.12.16), libcairo2 (>= 1.15.12), libgcc-s1 (>= 4.2), libgdk-pixbuf-2.0-0 (>= 2.31.1), libglib2.0-0 (>= 2.50.0), libpango-1.0-0 (>= 1.48.11), libpangocairo-1.0-0 (>= 1.48.11), libxml2 (>= 2.9.0)	
librsvg2-common:amd64	2.54.7+dfsg-1~deb12u1	amd64	librsvg2-2 (= 2.54.7+dfsg-1~deb12u1), libgdk-pixbuf-2.0-0 (>= 2.23.5-2), libglib2.0-0 (>= 2.50.0)	
librsvg2-dev:amd64	2.54.7+dfsg-1~deb12u1	amd64	gir1.2-rsvg-2.0 (= 2.54.7+dfsg-1~deb12u1), libcairo2-dev (>= 1.2.0), libgdk-pixbuf-2.0-dev (>= 2.23.5-2), libglib2.0-dev (>= 2.50.0), librsvg2-2 (= 2.54.7+dfsg-1~deb12u1), librsvg2-common (= 2.54.7+dfsg-1~deb12u1)	
librtmp1:amd64	2.4+20151223.gitfa8646d.1-2+b2	amd64	libc6 (>= 2.14), libgmp10, libgnutls30 (>= 3.6.14), libhogweed6, libnettle8, zlib1g (>= 1:1.1.4)	
libsasl2-2:amd64	2.1.28+dfsg-10	amd64	libsasl2-modules-db (>= 2.1.28+dfsg-10), libc6 (>= 2.34)	
libsasl2-modules-db:amd64	2.1.28+dfsg-10	amd64	libc6 (>= 2.14), libdb5.3	
libseccomp2:amd64	2.5.4-1+deb12u1	amd64	libc6 (>= 2.4)	
libselinux1:amd64	3.4-1+b6	amd64	libc6 (>= 2.34), libpcre2-8-0 (>= 10.22)	
libselinux1-dev:amd64	3.4-1+b6	amd64	libselinux1 (= 3.4-1+b6), libsepol-dev (>= 3.4), libpcre2-dev	
libsemanage-common	3.4-1	all		
libsemanage2:amd64	3.4-1+b5	amd64	libsemanage-common (>= 3.4-1), libaudit1 (>= 1:2.2.1), libbz2-1.0, libc6 (>= 2.34), libselinux1 (>= 3.4), libsepol2 (>= 3.4)	
libsepol-dev:amd64	3.4-2.1	amd64	libsepol2 (= 3.4-2.1)	
libsepol2:amd64	3.4-2.1	amd64	libc6 (>= 2.33)	
libserf-1-1:amd64	1.3.9-11	amd64	libapr1 (>= 1.4.8-2~), libaprutil1 (>= 1.2.7+dfsg), libc6 (>= 2.14), libgssapi-krb5-2 (>= 1.17), libssl3 (>= 3.0.0), zlib1g (>= 1:1.1.4)	
libsm-dev:amd64	2:1.2.3-1	amd64	libsm6 (= 2:1.2.3-1), x11proto-core-dev, libice-dev (>= 1:1.0.0-1)	
libsm6:amd64	2:1.2.3-1	amd64	libc6 (>= 2.14), libice6 (>= 1:1.0.0), libuuid1 (>= 2.16)	
libsmartcols1:amd64	2.38.1-5+deb12u2	amd64	libc6 (>= 2.33)	
libsqlite3-0:amd64	3.40.1-2+deb12u1	amd64	libc6 (>= 2.34)	
libsqlite3-dev:amd64	3.40.1-2+deb12u1	amd64	libsqlite3-0 (= 3.40.1-2+deb12u1), libc-dev	
libss2:amd64	1.47.0-2	amd64	libcom-err2, libc6 (>= 2.34)	
libssh2-1:amd64	1.10.0-3+b1	amd64	libc6 (>= 2.14), libssl3 (>= 3.0.0), zlib1g (>= 1:1.1.4)	
libssl-dev:amd64	3.0.15-1~deb12u1	amd64	libssl3 (= 3.0.15-1~deb12u1)	
libssl3:amd64	3.0.15-1~deb12u1	amd64	libc6 (>= 2.34)	
libstdc++-12-dev:amd64	12.2.0-14	amd64	gcc-12-base (= 12.2.0-14), libgcc-12-dev (= 12.2.0-14), libstdc++6 (>= 12.2.0-14), libc6-dev (>= 2.23-1~)	
libstdc++6:amd64	12.2.0-14	amd64	gcc-12-base (= 12.2.0-14), libc6 (>= 2.36), libgcc-s1 (>= 4.2)	
libsvn1:amd64	1.14.2-4+b2	amd64	libsqlite3-0 (>= 3.8.7), libapr1 (>= 1.5.0), libaprutil1 (>= 1.4.0), libc6 (>= 2.33), libdb5.3, libexpat1 (>= 2.0.1), liblz4-1 (>= 0.0~r130), libsasl2-2 (>= 2.1.28+dfsg), libserf-1-1 (>= 1.3.9-4~), libutf8proc2 (>= 1.3), zlib1g (>= 1:1.2.0)	
libsystemd0:amd64	252.31-1~deb12u1	amd64	libc6 (>= 2.34), libcap2 (>= 1:2.10), libgcrypt20 (>= 1.10.0), liblz4-1 (>= 0.0~r122), liblzma5 (>= 5.1.1alpha+20120614), libzstd1 (>= 1.5.2)	
libtasn1-6:amd64	4.19.0-2	amd64	libc6 (>= 2.14)	
libthai-data	0.1.29-1	all		
libthai0:amd64	0.1.29-1	amd64	libthai-data (>= 0.1.10), libc6 (>= 2.14), libdatrie1 (>= 0.2.0)	
libtiff-dev:amd64	4.5.0-6+deb12u1	amd64	libc6-dev | libc-dev, libjbig-dev, libjpeg-dev, liblzma-dev, libzstd-dev, libwebp-dev, libtiff6 (= 4.5.0-6+deb12u1), libtiffxx6 (= 4.5.0-6+deb12u1), zlib1g-dev, libdeflate-dev, liblerc-dev	
libtiff6:amd64	4.5.0-6+deb12u1	amd64	libc6 (>= 2.33), libdeflate0 (>= 1.0), libjbig0 (>= 2.0), libjpeg62-turbo (>= 1.3.1), liblerc4 (>= 3.0), liblzma5 (>= 5.1.1alpha+20120614), libwebp7 (>= 1.2.4), libzstd1 (>= 1.5.2), zlib1g (>= 1:1.1.4)	
libtiffxx6:amd64	4.5.0-6+deb12u1	amd64	libc6 (>= 2.4), libstdc++6 (>= 5), libtiff6 (>= 4.0.3)	
libtinfo6:amd64	6.4-4	amd64	libc6 (>= 2.34)	
libtirpc-common	1.3.3+ds-1	all		
libtirpc-dev:amd64	1.3.3+ds-1	amd64	libtirpc3 (= 1.3.3+ds-1)	
libtirpc3:amd64	1.3.3+ds-1	amd64	libc6 (>= 2.34), libgssapi-krb5-2 (>= 1.17), libtirpc-common (>= 1.3.3+ds-1)	
libtool	2.4.7-7~deb12u1	all	gcc | c-compiler, cpp, libc6-dev | libc-dev, file, autotools-dev	
libtsan2:amd64	12.2.0-14	amd64	gcc-12-base (= 12.2.0-14), libc6 (>= 2.34), libgcc-s1 (>= 3.3)	
libubsan1:amd64	12.2.0-14	amd64	gcc-12-base (= 12.2.0-14), libc6 (>= 2.34), libgcc-s1 (>= 3.3), libstdc++6 (>= 4.1.1)	
libudev1:amd64	252.31-1~deb12u1	amd64	libc6 (>= 2.34)	
libunistring2:amd64	1.0-2	amd64	libc6 (>= 2.34)	
libutf8proc2:amd64	2.8.0-1	amd64	libc6 (>= 2.4)	
libuuid1:amd64	2.38.1-5+deb12u2	amd64	libc6 (>= 2.25)	
libwebp-dev:amd64	1.2.4-0.2+deb12u1	amd64	libwebp7 (= 1.2.4-0.2+deb12u1), libwebpmux3 (= 1.2.4-0.2+deb12u1), libwebpdemux2 (= 1.2.4-0.2+deb12u1)	
libwebp7:amd64	1.2.4-0.2+deb12u1	amd64	libc6 (>= 2.34)	
libwebpdemux2:amd64	1.2.4-0.2+deb12u1	amd64	libc6 (>= 2.14), libwebp7 (>= 1.2.4)	
libwebpmux3:amd64	1.2.4-0.2+deb12u1	amd64	libc6 (>= 2.29), libwebp7 (>= 1.2.4)	
libwmf-0.2-7:amd64	0.2.12-5.1	amd64	libc6 (>= 2.33), libexpat1 (>= 2.0.1), libfreetype6 (>= 2.2.1), libjpeg62-turbo (>= 1.3.1), libpng16-16 (>= 1.6.2-1), libwmflite-0.2-7 (>= 0.2.12), libx11-6, zlib1g (>= 1:1.1.4)	
libwmf-dev	0.2.12-5.1	amd64	libwmf-0.2-7 (= 0.2.12-5.1), libwmflite-0.2-7 (= 0.2.12-5.1), libfreetype-dev, x11proto-core-dev, libx11-dev, zlib1g-dev	
libwmflite-0.2-7:amd64	0.2.12-5.1	amd64	libc6 (>= 2.14)	
libx11-6:amd64	2:1.8.4-2+deb12u2	amd64	libc6 (>= 2.34), libxcb1 (>= 1.11.1), libx11-data	
libx11-data	2:1.8.4-2+deb12u2	all		
libx11-dev:amd64	2:1.8.4-2+deb12u2	amd64	libx11-6 (= 2:1.8.4-2+deb12u2), libxau-dev, libxdmcp-dev, x11proto-dev (>= 2019.2-1), xtrans-dev, libxcb1-dev	
libx265-199:amd64	3.5-2+b1	amd64	libc6 (>= 2.34), libnuma1 (>= 2.0.11), libstdc++6 (>= 4.1.1)	
libxau-dev:amd64	1:1.0.9-1	amd64	libxau6 (= 1:1.0.9-1), x11proto-dev	
libxau6:amd64	1:1.0.9-1	amd64	libc6 (>= 2.4)	
libxcb-render0:amd64	1.15-1	amd64	libc6 (>= 2.14), libxcb1 (>= 1.8)	
libxcb-render0-dev:amd64	1.15-1	amd64	libxcb-render0 (= 1.15-1), libxcb1-dev	
libxcb-shm0:amd64	1.15-1	amd64	libc6 (>= 2.4), libxcb1 (>= 1.12)	
libxcb-shm0-dev:amd64	1.15-1	amd64	libxcb-shm0 (= 1.15-1), libxcb1-dev	
libxcb1:amd64	1.15-1	amd64	libc6 (>= 2.14), libxau6 (>= 1:1.0.9), libxdmcp6	
libxcb1-dev:amd64	1.15-1	amd64	libxcb1 (= 1.15-1), libpthread-stubs0-dev, libxau-dev (>= 1:1.0.0-1), libxdmcp-dev (>= 1:1.0.0-1)	
libxdmcp-dev:amd64	1:1.1.2-3	amd64	libxdmcp6 (= 1:1.1.2-3), x11proto-core-dev	
libxdmcp6:amd64	1:1.1.2-3	amd64	libbsd0 (>= 0.2.0), libc6 (>= 2.4)	
libxext-dev:amd64	2:1.3.4-1+b1	amd64	libxext6 (= 2:1.3.4-1+b1), x11proto-dev, libx11-dev	
libxext6:amd64	2:1.3.4-1+b1	amd64	libc6 (>= 2.14), libx11-6 (>= 2:1.6.0)	
libxml2:amd64	2.9.14+dfsg-1.3~deb12u1	amd64	libc6 (>= 2.34), libicu72 (>= 72.1~rc-1~), liblzma5 (>= 5.1.1alpha+20120614), zlib1g (>= 1:1.2.3.3)	
libxml2-dev:amd64	2.9.14+dfsg-1.3~deb12u1	amd64	libicu-dev, libxml2 (= 2.9.14+dfsg-1.3~deb12u1)	
libxrender-dev:amd64	1:0.9.10-1.1	amd64	libxrender1 (= 1:0.9.10-1.1), libx11-dev (>= 2:1.0.0), x11proto-render-dev, x11proto-core-dev	
libxrender1:amd64	1:0.9.10-1.1	amd64	libc6 (>= 2.14), libx11-6 (>= 2:1.6.0)	
libxslt1-dev:amd64	1.1.35-1	amd64	libxml2-dev (>= 2.6.26), libxslt1.1 (= 1.1.35-1)	
libxslt1.1:amd64	1.1.35-1	amd64	libc6 (>= 2.33), libgcrypt20 (>= 1.10.0), libxml2 (>= 2.9.0)	
libxt-dev:amd64	1:1.2.1-1.1	amd64	libxt6 (= 1:1.2.1-1.1), libx11-dev, x11proto-dev, libsm-dev	
libxt6:amd64	1:1.2.1-1.1	amd64	libc6 (>= 2.33), libice6 (>= 1:1.0.0), libsm6, libx11-6	
libxxhash0:amd64	0.8.1-1	amd64	libc6 (>= 2.14)	
libyaml-0-2:amd64	0.2.5-1	amd64	libc6 (>= 2.14)	
libyaml-dev:amd64	0.2.5-1	amd64	libyaml-0-2 (= 0.2.5-1)	
libzstd-dev:amd64	1.5.4+dfsg2-5	amd64	libzstd1 (= 1.5.4+dfsg2-5)	
libzstd1:amd64	1.5.4+dfsg2-5	amd64	libc6 (>= 2.34)	
linux-libc-dev:amd64	6.1.119-1	amd64		
login	1:4.13+dfsg1-1+b1	amd64		libaudit1 (>= 1:2.2.1), libc6 (>= 2.34), libcrypt1 (>= 1:4.1.0), libpam0g (>= 0.99.7.1), libpam-runtime, libpam-modules
logsave	1.47.0-2	amd64	libc6 (>= 2.34)	
m4	1.4.19-3	amd64	libc6 (>= 2.34)	
make	4.3-4.1	amd64	libc6 (>= 2.27)	
mariadb-common	1:10.11.6-0+deb12u1	all	mysql-common (>= 5.6.25)	
mawk	1.3.4.20200120-3.1	amd64	libc6 (>= 2.29)	
media-types	10.0.0	all		
mercurial	6.3.2-1	amd64	mercurial-common (= 6.3.2-1), ucf (>= 2.0020), python3 (<< 3.12), python3 (>= 3.11~), python3:any, libc6 (>= 2.34)	
mercurial-common	6.3.2-1	all	python3:any	
mount	2.38.1-5+deb12u2	amd64		libblkid1 (>= 2.17.2), libc6 (>= 2.34), libmount1 (>= 2.38), libselinux1 (>= 3.1~), libsmartcols1 (>= 2.33)
mysql-common	5.8+1.1.0	all		
ncurses-base	6.4-4	all		
ncurses-bin	6.4-4	amd64		libc6 (>= 2.34), libtinfo6 (>= 6.3)
netbase	6.4	all		
openssh-client	1:9.2p1-2+deb12u3	amd64	adduser, passwd, libc6 (>= 2.36), libedit2 (>= 2.11-20080614-0), libfido2-1 (>= 1.8.0), libgssapi-krb5-2 (>= 1.17), libselinux1 (>= 3.1~), libssl3 (>= 3.0.13), zlib1g (>= 1:1.1.4)	
openssl	3.0.15-1~deb12u1	amd64	libc6 (>= 2.34), libssl3 (>= 3.0.9)	
passwd	1:4.13+dfsg1-1+b1	amd64	libaudit1 (>= 1:2.2.1), libc6 (>= 2.36), libcrypt1 (>= 1:4.1.0), libpam0g (>= 0.99.7.1), libselinux1 (>= 3.1~), libsemanage2 (>= 2.0.32), libpam-modules	
patch	2.7.6-7	amd64	libc6 (>= 2.17)	
perl	5.36.0-7+deb12u1	amd64	perl-base (= 5.36.0-7+deb12u1), perl-modules-5.36 (>= 5.36.0-7+deb12u1), libperl5.36 (= 5.36.0-7+deb12u1)	dpkg (>= 1.17.17)
perl-base	5.36.0-7+deb12u1	amd64		libc6 (>= 2.35), libcrypt1 (>= 1:4.1.0), dpkg (>= 1.17.17)
perl-modules-5.36	5.36.0-7+deb12u1	all	perl-base (>= 5.36.0-1)	dpkg (>= 1.17.17)
pinentry-curses	1.2.1-1	amd64	libassuan0 (>= 2.1.0), libc6 (>= 2.34), libgpg-error0 (>= 1.16), libncursesw6 (>= 6), libtinfo6 (>= 6)	
pkg-config:amd64	1.8.1-1	amd64	pkgconf (>= 1.8.0-7~)	
pkgconf:amd64	1.8.1-1	amd64	pkgconf-bin	
pkgconf-bin	1.8.1-1	amd64	libc6 (>= 2.34), libpkgconf3 (>= 1.8.0)	
poppler-utils	22.12.0-2+deb12u2	amd64	libpoppler126 (= 22.12.0-2+deb12u2), libc6 (>= 2.34), libcairo2 (>= 1.12.0), libfreetype6 (>= 2.2.1), liblcms2-2 (>= 2.2+git20110628), libstdc++6 (>= 11)	
procps	2:4.0.2-3	amd64	libc6 (>= 2.34), libncursesw6 (>= 6), libproc2-0 (>= 2:4.0.2), libtinfo6 (>= 6), init-system-helpers (>= 1.29~)	
python3	3.11.2-1+b1	amd64	python3.11 (>= 3.11.2-1~), libpython3-stdlib (= 3.11.2-1+b1)	python3-minimal (= 3.11.2-1+b1)
python3-distutils	3.11.2-3	all	python3:any (>= 3.10.8-0~), python3:any (<< 3.12), python3-lib2to3 (= 3.11.2-3)	
python3-lib2to3	3.11.2-3	all	python3:any (>= 3.10.8-0~), python3:any (<< 3.12)	
python3-minimal	3.11.2-1+b1	amd64	dpkg (>= 1.13.20)	python3.11-minimal (>= 3.11.2-1~)
python3.11	3.11.2-6+deb12u4	amd64	python3.11-minimal (= 3.11.2-6+deb12u4), libpython3.11-stdlib (= 3.11.2-6+deb12u4), media-types | mime-support	
python3.11-minimal	3.11.2-6+deb12u4	amd64	libpython3.11-minimal (= 3.11.2-6+deb12u4), libexpat1 (>= 2.1~beta3), zlib1g (>= 1:1.2.0)	libc6 (>= 2.35)
readline-common	8.2-1.3	all	dpkg (>= 1.15.4) | install-info	
rpcsvc-proto	1.4.3-1	amd64	libc6 (>= 2.34)	
sed	4.9-1	amd64		libacl1 (>= 2.2.23), libc6 (>= 2.34), libselinux1 (>= 3.1~)
sensible-utils	0.0.17+nmu1	all		
shared-mime-info	2.2-1	amd64	libc6 (>= 2.33), libglib2.0-0 (>= 2.35.9), libxml2 (>= 2.7.4)	
sq	0.27.0-2+b1	amd64	libbz2-1.0, libc6 (>= 2.34), libgcc-s1 (>= 4.2), libgmp10 (>= 2:6.2.1+dfsg1), libhogweed6, libnettle8, libssl3 (>= 3.0.0)	
subversion	1.14.2-4+b2	amd64	libsvn1 (= 1.14.2-4+b2), libapr1 (>= 1.5.0), libaprutil1 (>= 1.3.2+dfsg), libc6 (>= 2.34)	
sysvinit-utils	3.06-4	amd64	libc6 (>= 2.34)	
tar	1.34+dfsg-1.2+deb12u1	amd64		libacl1 (>= 2.2.23), libc6 (>= 2.34), libselinux1 (>= 3.1~)
tzdata	2024b-0+deb12u1	all	debconf (>= 0.5) | debconf-2.0	
ucf	3.0043+nmu1	all	debconf (>= 0.5) | debconf-2.0, sensible-utils	
unzip	6.0-28	amd64	libbz2-1.0, libc6 (>= 2.34)	
usr-is-merged	37~deb12u1	all		
util-linux	2.38.1-5+deb12u2	amd64	util-linux-extra	libblkid1 (>= 2.37.2), libc6 (>= 2.34), libcap-ng0 (>= 0.7.9), libcrypt1 (>= 1:4.1.0), libmount1 (>= 2.38), libpam0g (>= 0.99.7.1), libselinux1 (>= 3.1~), libsmartcols1 (>= 2.38), libsystemd0, libtinfo6 (>= 6), libudev1 (>= 183), libuuid1 (>= 2.16), zlib1g (>= 1:1.1.4)
util-linux-extra	2.38.1-5+deb12u2	amd64	libaudit1 (>= 1:2.2.1), libc6 (>= 2.34), libsmartcols1 (>= 2.38)	
uuid-dev:amd64	2.38.1-5+deb12u2	amd64	libc6-dev | libc-dev, libuuid1 (= 2.38.1-5+deb12u2)	
wget	1.21.3-1+b2	amd64	libc6 (>= 2.33), libgnutls30 (>= 3.7.2), libidn2-0 (>= 0.6), libnettle8, libpcre2-8-0 (>= 10.22), libpsl5 (>= 0.16.0), libuuid1 (>= 2.16), zlib1g (>= 1:1.1.4)	
x11-common	1:7.7+23	all	lsb-base (>= 1.3-9ubuntu2)	
x11proto-core-dev	2022.1-1	all	x11proto-dev	
x11proto-dev	2022.1-1	all	xorg-sgml-doctools (>= 1:1.5)	
xorg-sgml-doctools	1:1.11-1.1	all		
xtrans-dev	1.4.0-1	all		
xz-utils	5.4.1-0.2	amd64	libc6 (>= 2.34), liblzma5 (>= 5.4.0)	
zlib1g:amd64	1:1.2.13.dfsg-1	amd64	libc6 (>= 2.14)	
zlib1g-dev:amd64	1:1.2.13.dfsg-1	amd64	zlib1g (= 1:1.2.13.dfsg-1), libc6-dev | libc-dev	
